user_id,resource_id,rating
1,83,1
1,4,3
1,42,5
1,40,2
1,10,2
1,47,1
1,110,4
1,36,1
1,70,4
1,11,2
1,45,1
1,26,5
1,94,3
1,53,4
1,18,3
1,0,3
2,24,1
2,6,1
2,52,2
2,57,1
2,106,3
2,7,4
2,20,1
2,87,1
2,9,2
2,113,2
3,43,5
3,41,2
3,113,2
3,42,3
3,103,2
3,12,1
3,49,5
3,102,4
3,106,2
3,25,1
3,10,4
3,14,5
4,78,4
4,63,2
4,34,3
4,10,4
4,74,1
4,102,1
4,114,5
4,17,3
4,83,3
4,23,5
4,72,4
4,42,3
4,106,1
5,53,3
5,26,5
5,99,4
5,95,3
5,106,2
5,79,2
5,19,3
5,3,3
5,31,5
5,0,5
6,3,5
6,54,1
6,97,1
6,33,3
6,47,5
6,87,5
6,101,4
6,107,1
6,6,1
6,67,2
6,90,4
7,36,3
7,47,3
7,67,4
7,34,5
7,89,2
7,80,2
7,82,3
7,1,3
7,23,1
7,6,5
7,75,4
7,102,2
7,44,1
7,19,1
7,48,2
7,83,4
7,40,1
8,31,3
8,108,1
8,6,5
8,88,4
8,93,3
8,87,5
8,27,5
8,79,5
8,28,3
8,15,3
9,94,1
9,18,5
9,84,5
9,83,2
9,20,4
9,27,1
9,2,1
9,42,3
9,8,5
9,58,1
9,36,5
9,102,1
9,33,2
9,21,4
9,107,1
9,57,5
9,15,2
9,49,1
9,89,3
10,41,1
10,108,5
10,34,3
10,65,5
10,104,3
10,75,4
10,8,5
10,5,4
10,26,2
10,11,2
10,52,1
10,10,5
10,20,4
11,15,2
11,87,4
11,90,3
11,83,5
11,49,4
11,78,3
11,62,3
11,112,1
11,94,5
11,14,1
11,81,2
11,76,1
11,77,1
11,46,4
11,31,3
11,48,5
11,59,1
11,7,5
11,95,1
11,22,2
12,79,5
12,100,3
12,26,5
12,92,2
12,35,3
12,27,2
12,75,1
12,56,2
12,101,1
12,1,1
12,21,2
12,7,3
12,94,5
12,5,5
12,18,1
12,10,1
12,53,3
12,82,4
13,52,5
13,109,5
13,111,4
13,50,4
13,92,4
13,21,2
13,0,4
13,51,3
13,53,1
13,20,4
13,54,1
13,63,2
13,48,1
13,43,2
13,56,3
13,14,2
13,7,2
13,19,5
13,86,4
14,22,4
14,4,1
14,108,4
14,87,4
14,63,1
14,9,2
14,40,2
14,112,4
14,59,1
14,73,2
14,69,1
14,30,1
14,41,1
15,26,2
15,88,4
15,58,2
15,70,5
15,10,5
15,0,5
15,110,1
15,4,4
15,64,5
15,42,1
16,91,2
16,49,4
16,6,2
16,59,2
16,29,1
16,2,1
16,12,1
16,51,1
16,3,5
16,8,1
16,57,5
16,70,5
16,80,1
17,31,3
17,85,5
17,79,5
17,55,4
17,63,1
17,95,2
17,76,1
17,19,2
17,37,2
17,86,1
17,100,5
17,29,2
17,30,1
17,39,2
17,23,3
17,68,5
17,66,4
17,6,2
17,57,3
17,50,4
18,90,4
18,62,2
18,71,1
18,102,5
18,0,4
18,79,4
18,13,2
18,27,5
18,57,4
18,109,1
18,84,2
18,99,5
18,42,2
18,49,1
18,30,5
18,92,2
19,95,1
19,36,5
19,49,4
19,26,4
19,50,5
19,63,4
19,91,4
19,16,4
19,43,2
19,39,5
19,23,4
19,93,5
19,109,3
19,57,3
19,82,4
19,8,5
19,97,5
19,69,5
19,38,2
19,101,3
20,69,1
20,66,1
20,15,1
20,42,2
20,2,2
20,32,2
20,102,5
20,72,4
20,97,4
20,75,3
20,29,2
20,17,5
20,39,5
20,11,4
21,40,2
21,67,5
21,59,5
21,102,5
21,104,2
21,27,4
21,23,4
21,65,1
21,25,5
21,44,4
21,112,1
22,10,5
22,73,4
22,80,2
22,37,1
22,1,3
22,78,2
22,107,3
22,64,4
22,22,5
22,26,2
22,50,2
22,27,4
22,67,1
22,55,5
22,31,2
22,7,5
23,29,1
23,0,4
23,30,1
23,43,5
23,105,4
23,100,3
23,44,5
23,61,4
23,12,3
23,35,1
23,110,4
24,9,3
24,35,2
24,28,3
24,30,1
24,64,4
24,41,4
24,23,5
24,114,1
24,73,3
24,95,4
24,81,1
24,91,4
24,54,3
24,66,4
24,84,5
24,31,5
24,44,4
24,87,1
24,52,1
24,48,1
25,86,5
25,4,5
25,41,1
25,75,2
25,106,3
25,31,1
25,56,1
25,113,5
25,87,1
25,101,1
25,82,1
25,35,5
25,78,3
25,65,3
25,57,1
25,95,5
25,111,3
26,4,4
26,54,5
26,92,1
26,96,1
26,57,4
26,41,3
26,47,5
26,80,2
26,101,4
26,49,2
26,66,4
26,87,3
27,56,3
27,15,3
27,8,2
27,9,4
27,19,4
27,53,4
27,79,2
27,103,4
27,59,3
27,113,1
27,92,3
27,13,3
27,32,1
27,91,3
27,11,2
27,80,1
27,109,3
27,35,5
27,1,3
27,71,2
28,82,5
28,52,1
28,50,1
28,38,1
28,105,5
28,17,5
28,57,5
28,43,3
28,100,5
28,64,3
28,27,1
28,11,1
29,57,5
29,39,4
29,104,2
29,15,1
29,100,1
29,72,3
29,92,1
29,65,4
29,93,5
29,1,5
29,2,5
29,109,2
29,45,1
29,6,4
29,47,2
30,72,3
30,18,3
30,30,5
30,84,5
30,25,4
30,108,4
30,47,3
30,66,3
30,95,1
30,83,1
30,79,4
30,0,4
31,93,3
31,107,2
31,71,3
31,13,1
31,48,1
31,98,5
31,38,1
31,35,3
31,82,4
31,59,4
31,99,5
31,50,3
31,57,3
31,78,1
31,6,3
31,41,2
31,72,1
31,113,2
32,96,2
32,1,3
32,54,2
32,62,1
32,34,1
32,97,3
32,79,2
32,43,1
32,53,1
32,88,4
32,72,4
32,38,1
32,31,3
33,41,2
33,89,1
33,61,3
33,107,5
33,45,3
33,37,2
33,8,4
33,84,1
33,25,5
33,105,4
33,96,3
33,20,5
33,81,4
33,10,5
34,11,3
34,95,2
34,39,3
34,109,4
34,22,1
34,84,3
34,59,1
34,55,1
34,4,2
34,74,2
34,113,4
34,76,5
34,17,1
34,10,5
34,50,4
34,67,1
34,30,1
35,88,1
35,107,5
35,86,2
35,41,1
35,68,4
35,82,3
35,25,1
35,91,1
35,112,5
35,65,5
35,85,5
35,67,4
35,16,5
35,102,1
36,83,4
36,19,4
36,98,4
36,99,1
36,3,1
36,40,5
36,110,2
36,104,2
36,74,5
36,108,5
36,37,4
36,7,5
36,20,3
36,22,2
36,51,5
36,57,3
37,62,5
37,40,4
37,34,2
37,75,1
37,26,3
37,102,5
37,73,5
37,36,2
37,46,2
37,112,3
37,32,1
37,18,5
38,71,4
38,87,2
38,79,5
38,35,5
38,5,2
38,100,5
38,102,1
38,84,2
38,32,4
38,98,2
38,16,3
38,25,4
38,1,3
38,43,4
38,97,5
39,32,4
39,114,2
39,67,3
39,105,5
39,20,2
39,95,5
39,96,1
39,90,4
39,103,4
39,24,3
39,100,4
39,46,1
39,8,3
39,94,2
39,107,4
39,110,3
39,102,1
40,33,2
40,47,1
40,112,4
40,43,1
40,81,5
40,54,1
40,84,1
40,73,3
40,57,4
40,18,1
40,28,3
40,4,2
40,11,3
40,78,3
40,65,3
40,8,1
40,50,1
41,99,4
41,114,4
41,6,3
41,74,2
41,83,5
41,70,4
41,28,3
41,7,3
41,38,2
41,73,2
41,21,1
41,102,4
41,80,1
41,77,3
41,89,5
41,76,5
41,95,2
41,90,5
41,103,5
42,32,1
42,105,3
42,85,4
42,9,5
42,100,2
42,40,5
42,114,4
42,8,3
42,49,4
42,23,4
42,27,5
42,28,2
42,31,4
42,15,5
42,94,2
42,2,3
43,61,4
43,81,3
43,71,2
43,105,4
43,37,4
43,78,5
43,28,4
43,75,2
43,25,2
43,63,3
43,43,3
43,113,3
43,77,4
43,49,4
43,26,5
44,47,2
44,30,4
44,114,1
44,48,1
44,104,3
44,94,4
44,32,1
44,110,4
44,96,5
44,87,2
44,81,2
44,39,2
44,74,4
44,0,4
44,109,3
44,11,2
44,40,3
44,52,2
44,25,3
44,50,3
45,91,4
45,25,3
45,49,3
45,58,1
45,70,5
45,67,3
45,42,1
45,8,4
45,44,3
45,10,5
45,16,3
45,32,4
46,99,5
46,37,5
46,114,1
46,17,5
46,104,1
46,47,5
46,40,1
46,73,4
46,23,4
46,36,3
46,6,1
46,103,2
47,48,5
47,87,4
47,47,5
47,70,1
47,2,3
47,101,5
47,19,2
47,89,4
47,72,5
47,109,4
47,97,2
47,76,3
47,83,3
47,111,2
47,14,4
47,94,5
47,4,2
47,54,1
47,43,4
47,112,3
48,45,2
48,105,3
48,32,2
48,42,5
48,59,5
48,53,5
48,110,1
48,39,4
48,100,2
48,64,2
48,99,2
48,80,2
48,30,5
48,19,2
48,1,4
48,35,5
48,29,2
48,61,1
48,62,3
49,77,5
49,35,3
49,9,1
49,3,4
49,33,1
49,82,5
49,80,1
49,0,4
49,11,3
49,28,2
49,56,1
49,2,2
50,106,1
50,66,1
50,58,3
50,42,2
50,40,4
50,27,4
50,108,3
50,23,2
50,100,1
50,21,5
50,26,5
50,98,3
51,10,5
51,3,4
51,18,5
51,104,5
51,21,5
51,15,3
51,9,5
51,64,2
51,99,2
51,105,1
51,92,3
51,65,1
51,42,2
51,103,2
51,94,4
51,93,5
51,88,2
51,59,1
51,11,1
52,71,1
52,107,4
52,4,2
52,45,3
52,43,2
52,44,5
52,66,1
52,52,4
52,92,5
52,78,5
52,57,5
52,34,1
52,111,3
52,40,1
53,55,1
53,56,4
53,81,2
53,27,1
53,23,3
53,87,2
53,12,1
53,29,5
53,38,3
53,84,5
53,10,1
53,59,5
53,7,1
53,106,1
53,36,5
53,40,1
53,98,2
53,24,1
53,90,4
53,103,1
54,68,1
54,21,5
54,109,1
54,37,4
54,47,2
54,4,4
54,106,4
54,105,3
54,98,3
54,69,4
54,114,2
54,95,4
54,108,3
55,28,5
55,92,4
55,23,4
55,42,2
55,44,2
55,55,1
55,32,3
55,85,2
55,104,3
55,39,2
55,56,5
56,76,4
56,19,5
56,5,1
56,53,4
56,62,3
56,13,4
56,61,2
56,99,5
56,110,5
56,40,5
56,16,5
56,20,5
56,85,5
56,60,1
56,72,3
56,66,5
56,59,3
57,51,2
57,12,1
57,62,2
57,2,4
57,19,1
57,95,4
57,5,5
57,84,4
57,75,4
57,48,2
57,81,5
57,45,4
57,61,4
58,45,3
58,3,2
58,91,2
58,58,3
58,10,4
58,34,1
58,113,1
58,23,3
58,14,2
58,21,4
58,88,3
58,74,1
58,46,5
58,89,2
59,2,1
59,107,3
59,20,4
59,53,3
59,76,2
59,12,2
59,51,5
59,109,2
59,98,3
59,55,2
59,25,4
59,60,2
59,42,5
59,92,2
60,31,5
60,18,1
60,110,4
60,43,1
60,22,2
60,86,5
60,63,2
60,61,5
60,48,5
60,14,3
60,13,2
60,70,2
61,111,3
61,42,2
61,33,2
61,56,3
61,61,1
61,76,3
61,66,1
61,54,5
61,99,5
61,113,3
61,75,5
61,7,4
61,22,2
61,29,2
61,92,1
61,100,5
61,107,1
61,13,2
61,72,2
61,31,5
62,31,1
62,67,2
62,62,1
62,111,5
62,77,2
62,8,1
62,97,4
62,20,4
62,112,2
62,59,5
62,61,4
62,94,4
62,63,5
62,39,1
62,69,4
63,22,4
63,25,2
63,7,4
63,92,5
63,112,5
63,0,5
63,86,1
63,26,2
63,23,1
63,108,3
63,27,2
63,73,4
63,69,5
63,45,3
63,33,2
63,97,1
63,19,5
64,92,1
64,53,3
64,90,2
64,13,2
64,3,5
64,32,2
64,28,5
64,5,1
64,79,2
64,71,1
64,77,1
64,44,2
64,16,1
64,27,2
64,58,2
64,37,2
64,11,3
64,93,1
65,53,5
65,48,1
65,71,5
65,103,3
65,60,5
65,6,3
65,37,3
65,59,1
65,80,2
65,113,1
65,7,5
65,52,3
65,19,4
65,74,4
65,112,3
65,3,1
65,64,2
66,72,4
66,74,1
66,85,4
66,42,2
66,93,2
66,103,5
66,64,3
66,73,3
66,99,2
66,5,5
66,61,5
66,62,1
66,96,3
66,7,2
66,89,4
66,71,3
66,113,1
67,79,3
67,107,5
67,114,4
67,90,4
67,50,4
67,92,2
67,12,5
67,76,5
67,73,4
67,6,4
67,32,1
67,15,1
67,66,3
67,89,3
68,102,1
68,21,3
68,86,3
68,49,2
68,0,4
68,12,3
68,45,3
68,114,4
68,30,5
68,104,3
68,16,1
68,8,2
68,50,3
68,40,3
69,94,3
69,22,5
69,100,4
69,17,3
69,44,4
69,29,4
69,82,5
69,79,3
69,101,1
69,77,2
69,51,5
69,83,3
69,6,4
69,3,3
70,75,5
70,101,1
70,21,2
70,20,3
70,29,5
70,58,3
70,74,4
70,0,3
70,39,5
70,80,2
70,107,2
70,3,3
70,9,1
70,82,3
70,33,4
70,44,2
71,101,5
71,114,5
71,105,2
71,26,1
71,25,3
71,78,5
71,7,2
71,59,1
71,19,3
71,13,3
71,56,5
72,39,1
72,74,1
72,61,5
72,53,2
72,0,3
72,40,5
72,49,3
72,41,2
72,8,1
72,80,4
72,33,4
72,6,2
72,46,4
72,85,3
72,109,4
72,75,2
72,73,2
72,62,3
72,107,4
72,47,4
73,65,4
73,80,2
73,63,3
73,73,1
73,5,3
73,31,5
73,24,1
73,68,3
73,7,5
73,86,3
74,93,3
74,38,4
74,18,2
74,99,3
74,16,5
74,2,3
74,10,1
74,109,1
74,108,2
74,54,5
74,4,5
74,113,3
74,12,2
74,26,5
74,44,1
75,63,3
75,58,4
75,82,5
75,40,1
75,34,3
75,57,2
75,81,3
75,23,5
75,87,1
75,110,3
75,4,5
75,11,2
75,9,4
75,70,2
75,17,1
75,67,2
75,98,2
75,62,2
75,90,2
75,79,1
76,105,1
76,53,2
76,4,1
76,86,5
76,50,5
76,37,1
76,49,5
76,44,4
76,28,5
76,82,1
76,69,3
76,98,4
77,30,4
77,77,4
77,3,5
77,5,2
77,41,5
77,89,1
77,88,4
77,49,1
77,80,1
77,28,2
77,6,1
78,34,3
78,61,1
78,88,3
78,56,5
78,11,3
78,93,4
78,89,2
78,4,5
78,33,5
78,3,3
78,106,4
78,105,3
78,54,3
78,13,5
78,103,3
78,49,2
79,20,3
79,11,2
79,33,3
79,52,1
79,84,4
79,72,2
79,42,5
79,75,5
79,18,1
79,77,3
79,85,3
79,34,1
80,7,1
80,67,5
80,54,3
80,83,3
80,110,1
80,26,5
80,39,3
80,109,3
80,91,3
80,43,5
80,6,1
80,22,3
80,34,4
80,61,5
80,17,2
81,82,1
81,55,3
81,51,3
81,26,5
81,61,3
81,109,5
81,63,1
81,59,1
81,73,4
81,67,5
81,85,5
81,90,2
81,24,2
81,107,4
81,98,1
81,104,2
81,100,3
81,68,1
82,26,2
82,99,1
82,103,5
82,75,2
82,35,5
82,24,3
82,97,1
82,71,3
82,92,1
82,85,5
82,107,4
82,93,2
82,8,5
82,16,1
82,46,1
83,28,3
83,113,1
83,12,5
83,23,5
83,75,4
83,114,1
83,97,3
83,33,3
83,68,1
83,65,1
83,27,2
83,95,4
83,78,1
83,99,1
83,45,2
83,53,2
83,64,5
83,29,3
84,107,3
84,70,1
84,91,5
84,78,5
84,99,4
84,47,2
84,79,5
84,20,3
84,92,2
84,43,2
84,21,5
84,87,5
84,50,5
85,38,5
85,46,1
85,20,2
85,26,5
85,87,4
85,19,5
85,56,5
85,81,4
85,100,4
85,30,2
85,25,4
85,95,3
86,52,1
86,4,1
86,79,3
86,21,3
86,23,4
86,98,5
86,28,3
86,11,4
86,22,5
86,86,1
86,114,4
86,26,5
87,73,4
87,36,2
87,75,5
87,49,5
87,17,3
87,7,5
87,57,5
87,38,1
87,71,5
87,113,4
87,97,3
87,41,2
87,8,2
88,41,1
88,13,3
88,58,1
88,84,4
88,85,1
88,53,2
88,37,4
88,42,1
88,38,4
88,54,3
88,56,1
88,63,2
88,64,4
88,39,5
88,17,4
88,68,5
88,70,2
88,74,3
89,11,4
89,108,1
89,20,1
89,111,5
89,19,5
89,114,2
89,99,4
89,12,2
89,52,4
89,69,1
89,48,2
89,45,5
89,74,2
89,32,2
89,54,1
89,23,5
89,25,5
90,78,4
90,39,5
90,72,2
90,70,2
90,99,5
90,68,4
90,66,5
90,38,2
90,54,4
90,43,2
90,37,4
90,104,4
90,40,5
90,46,5
90,81,5
90,101,4
90,56,4
91,94,2
91,100,2
91,97,3
91,59,3
91,84,3
91,96,3
91,27,2
91,87,5
91,107,5
91,14,3
91,83,4
91,103,1
91,82,4
91,109,4
91,99,4
91,35,5
91,38,1
91,22,4
91,111,3
92,102,3
92,29,5
92,106,2
92,1,1
92,3,2
92,21,5
92,9,5
92,20,5
92,93,5
92,110,4
92,11,1
92,83,4
92,63,5
92,38,3
92,80,4
92,104,5
93,1,1
93,43,4
93,88,3
93,94,3
93,85,5
93,54,2
93,18,4
93,62,5
93,52,5
93,86,3
93,17,1
93,91,4
93,9,1
93,48,4
93,102,2
93,37,3
94,47,5
94,114,3
94,6,4
94,23,3
94,34,2
94,60,4
94,51,4
94,104,2
94,15,2
94,77,1
94,85,5
95,40,4
95,114,4
95,106,3
95,98,1
95,17,1
95,20,4
95,44,2
95,104,4
95,62,3
95,8,5
95,23,3
95,13,2
95,29,4
96,99,3
96,2,4
96,10,1
96,9,1
96,87,4
96,79,4
96,33,5
96,49,4
96,107,3
96,3,5
96,26,2
96,57,3
96,86,5
96,78,5
96,6,1
96,48,5
96,67,3
97,67,1
97,22,1
97,57,5
97,64,4
97,21,1
97,89,5
97,97,3
97,83,4
97,66,1
97,56,3
97,72,5
97,39,1
97,107,1
97,80,3
97,91,1
97,84,2
97,106,1
98,57,1
98,94,5
98,2,3
98,72,3
98,46,1
98,38,3
98,80,2
98,70,3
98,88,3
98,18,3
98,108,4
98,47,4
98,90,4
98,55,3
98,107,2
98,1,3
99,30,1
99,34,5
99,10,4
99,107,2
99,76,5
99,41,4
99,100,3
99,102,1
99,48,3
99,13,4
99,35,3
99,68,3
99,2,4
99,40,2
99,57,5
99,101,1
99,56,5
99,3,1
100,24,2
100,29,3
100,84,3
100,15,3
100,13,4
100,92,5
100,31,2
100,101,1
100,99,1
100,66,5
100,21,3
100,62,3
100,90,3
100,11,3
100,38,3
101,21,1
101,73,5
101,38,3
101,23,3
101,49,5
101,70,2
101,106,2
101,111,4
101,57,1
101,104,3
101,0,4
101,60,5
101,78,3
101,1,1
101,44,1
102,19,3
102,105,1
102,29,3
102,34,1
102,5,4
102,82,3
102,93,2
102,40,3
102,100,3
102,64,3
102,70,4
102,35,1
102,30,2
102,22,1
102,103,1
102,9,5
102,68,4
102,57,5
102,94,4
103,77,1
103,60,4
103,108,5
103,14,4
103,11,4
103,66,5
103,67,5
103,83,4
103,63,3
103,103,5
103,61,1
103,17,2
103,104,3
103,109,5
103,38,5
103,10,3
103,69,2
103,73,4
104,23,5
104,24,2
104,110,2
104,15,4
104,68,3
104,38,4
104,87,5
104,93,2
104,108,2
104,16,2
105,21,4
105,85,5
105,92,3
105,48,3
105,43,5
105,32,3
105,24,5
105,112,3
105,95,2
105,17,5
106,74,4
106,14,3
106,100,4
106,38,4
106,69,3
106,114,2
106,56,1
106,59,1
106,55,1
106,44,1
106,58,5
106,42,1
106,61,3
107,68,3
107,48,2
107,51,4
107,108,2
107,72,5
107,61,4
107,94,4
107,27,1
107,104,5
107,66,1
107,77,1
107,112,3
107,69,1
107,46,2
107,1,4
107,100,1
108,99,5
108,73,1
108,103,4
108,4,5
108,83,4
108,10,5
108,53,4
108,6,5
108,9,4
108,72,2
108,3,4
108,110,2
108,23,2
108,79,1
108,109,2
109,100,2
109,57,5
109,78,1
109,4,2
109,0,4
109,111,3
109,2,3
109,93,5
109,12,1
109,54,4
109,66,5
109,113,5
110,84,4
110,114,3
110,20,2
110,106,1
110,11,3
110,59,5
110,47,2
110,10,1
110,70,4
110,80,2
111,42,2
111,28,5
111,41,5
111,105,5
111,63,5
111,93,4
111,32,1
111,64,5
111,97,2
111,13,2
111,4,3
111,112,5
111,23,5
111,73,5
111,25,5
111,2,5
111,58,2
112,97,2
112,38,3
112,110,4
112,67,5
112,37,2
112,114,4
112,9,4
112,66,2
112,96,1
112,31,1
112,92,5
112,42,1
112,33,5
112,39,3
112,48,2
112,60,4
112,3,5
112,2,1
113,7,3
113,97,1
113,41,1
113,61,1
113,51,4
113,72,1
113,22,3
113,0,3
113,19,1
113,94,2
113,55,3
113,26,2
113,74,4
113,108,3
113,114,2
113,36,1
114,53,3
114,51,4
114,74,1
114,86,4
114,114,5
114,72,3
114,88,3
114,94,2
114,59,2
114,95,5
114,48,3
114,62,1
114,87,4
114,81,3
114,20,1
114,49,1
115,49,1
115,6,4
115,13,1
115,34,2
115,66,1
115,86,4
115,57,5
115,4,5
115,3,2
115,81,4
115,43,1
115,58,5
115,93,3
115,9,4
115,1,4
115,95,3
116,39,4
116,66,3
116,23,4
116,3,3
116,2,4
116,104,4
116,94,1
116,37,1
116,60,3
116,110,5
116,43,1
116,20,1
116,105,2
116,81,1
117,83,1
117,114,5
117,14,5
117,34,4
117,110,3
117,81,5
117,17,4
117,57,5
117,100,4
117,40,2
117,67,2
118,94,4
118,35,3
118,22,2
118,29,1
118,84,4
118,42,1
118,78,1
118,81,2
118,99,4
118,79,1
118,101,2
118,80,3
119,108,3
119,42,2
119,27,3
119,83,3
119,21,4
119,11,4
119,35,1
119,23,4
119,25,4
119,20,1
119,111,3
120,72,4
120,92,1
120,86,3
120,44,5
120,52,2
120,53,4
120,23,4
120,62,5
120,15,4
120,1,4
120,13,4
120,64,4
121,1,4
121,110,5
121,59,4
121,25,3
121,57,5
121,111,4
121,94,3
121,112,5
121,54,3
121,113,5
121,91,1
121,48,1
121,47,4
121,30,2
121,99,1
121,84,2
121,74,3
121,0,3
121,98,2
121,9,4
122,72,2
122,60,4
122,37,2
122,40,5
122,73,3
122,2,5
122,49,2
122,16,3
122,111,1
122,105,1
122,24,5
122,97,3
122,26,5
122,74,3
123,55,3
123,107,1
123,30,4
123,62,5
123,2,3
123,108,1
123,111,2
123,51,1
123,11,2
123,56,5
123,104,5
123,32,1
124,39,1
124,40,2
124,61,1
124,10,3
124,24,4
124,12,5
124,47,2
124,6,5
124,5,1
124,20,1
124,4,4
124,102,2
124,78,2
124,56,4
124,99,1
124,86,1
124,82,1
124,65,5
125,29,3
125,73,1
125,109,2
125,0,5
125,7,1
125,18,1
125,21,3
125,17,4
125,46,4
125,87,4
125,77,2
125,114,1
125,112,2
125,101,1
125,93,3
125,42,3
125,88,2
126,71,2
126,1,1
126,75,5
126,95,1
126,63,3
126,26,3
126,56,2
126,32,3
126,88,5
126,82,4
126,10,3
127,94,4
127,21,5
127,22,5
127,36,3
127,52,1
127,72,2
127,4,4
127,11,1
127,64,1
127,40,4
127,89,2
127,33,1
127,10,5
127,6,5
127,65,4
127,51,2
127,43,4
127,74,1
128,9,2
128,78,5
128,88,4
128,48,5
128,50,2
128,11,4
128,61,5
128,41,1
128,4,1
128,44,4
128,89,4
128,23,4
128,29,1
128,2,5
128,92,4
128,35,1
129,79,5
129,94,1
129,11,3
129,105,4
129,55,5
129,76,2
129,71,5
129,8,2
129,49,4
129,97,3
129,23,1
129,100,5
129,95,2
130,19,2
130,1,5
130,42,3
130,52,3
130,91,5
130,5,2
130,111,3
130,31,4
130,34,5
130,81,2
130,65,4
130,30,5
130,41,2
130,88,4
130,27,3
130,53,5
130,109,5
131,44,4
131,66,3
131,42,2
131,111,2
131,47,5
131,107,3
131,75,3
131,9,3
131,80,3
131,34,4
131,93,1
131,18,3
131,64,1
131,113,2
131,54,5
131,23,2
131,105,3
131,57,2
131,101,4
131,82,1
132,103,1
132,83,3
132,54,3
132,112,3
132,15,4
132,67,2
132,69,5
132,84,1
132,28,2
132,78,3
132,12,1
132,56,5
132,60,2
132,87,2
132,36,4
132,3,2
133,41,3
133,98,1
133,34,4
133,29,1
133,14,1
133,10,1
133,44,1
133,42,4
133,82,5
133,17,1
133,53,3
133,94,4
133,38,5
133,23,1
133,84,5
133,74,3
133,109,4
133,24,4
133,73,5
134,12,2
134,61,4
134,105,3
134,97,2
134,94,5
134,49,5
134,69,1
134,57,4
134,113,2
134,84,4
135,28,5
135,12,1
135,54,5
135,73,5
135,21,5
135,45,1
135,77,5
135,44,3
135,100,1
135,29,2
136,48,3
136,52,2
136,51,3
136,45,5
136,93,1
136,92,3
136,8,5
136,106,3
136,56,5
136,98,2
136,26,5
136,32,4
136,33,1
136,64,5
137,23,3
137,74,1
137,1,1
137,70,1
137,3,4
137,47,4
137,32,3
137,110,3
137,85,3
137,38,1
137,56,4
137,11,2
138,4,5
138,37,4
138,105,2
138,29,4
138,61,3
138,43,3
138,97,1
138,54,3
138,103,2
138,87,1
139,55,5
139,114,4
139,36,4
139,95,5
139,81,5
139,8,1
139,77,1
139,9,3
139,15,3
139,25,3
139,102,2
139,52,4
139,38,2
139,47,5
139,94,1
139,12,5
139,82,5
139,21,1
139,22,5
140,52,1
140,23,4
140,15,4
140,33,1
140,95,2
140,59,2
140,1,4
140,69,2
140,41,1
140,37,4
140,82,1
140,113,2
141,10,1
141,0,1
141,53,5
141,17,4
141,13,5
141,98,5
141,114,1
141,28,5
141,66,1
141,40,4
142,92,3
142,85,4
142,25,5
142,60,1
142,91,2
142,63,5
142,95,4
142,68,1
142,105,2
142,27,5
142,74,2
142,106,3
143,21,2
143,88,1
143,24,1
143,32,3
143,40,4
143,15,4
143,106,5
143,10,1
143,27,2
143,58,2
143,107,3
143,42,2
143,3,4
143,86,4
143,94,1
143,25,3
143,4,2
144,32,1
144,80,1
144,45,5
144,50,3
144,31,1
144,97,2
144,85,5
144,98,3
144,47,5
144,59,1
145,66,5
145,102,3
145,84,2
145,36,1
145,113,1
145,114,5
145,48,5
145,16,2
145,5,5
145,52,5
145,54,1
145,80,2
145,60,5
145,27,2
145,26,3
146,94,5
146,78,2
146,2,1
146,86,3
146,13,5
146,25,5
146,71,4
146,92,5
146,15,2
146,10,3
146,20,4
146,21,3
146,46,3
146,113,2
146,85,5
146,82,2
146,24,5
146,75,4
147,80,2
147,50,5
147,63,2
147,114,2
147,79,3
147,51,4
147,71,4
147,68,2
147,64,4
147,36,3
147,47,3
148,53,3
148,68,4
148,8,1
148,82,1
148,42,4
148,23,3
148,89,3
148,30,4
148,85,5
148,70,3
148,101,2
148,87,3
148,52,5
149,105,4
149,66,2
149,81,2
149,45,4
149,68,5
149,114,1
149,94,3
149,36,2
149,76,2
149,54,3
149,111,1
149,24,2
149,100,3
149,43,2
149,90,5
150,114,1
150,112,2
150,108,5
150,109,5
150,86,4
150,66,5
150,95,5
150,73,1
150,75,4
150,2,2
150,103,2
150,26,3
150,40,4
150,84,1
151,5,3
151,85,2
151,59,4
151,69,3
151,36,3
151,72,3
151,10,5
151,43,5
151,80,2
151,89,3
151,81,5
151,97,5
151,19,5
151,61,2
151,25,2
151,40,3
151,68,4
151,7,3
151,4,5
151,21,5
152,60,3
152,11,3
152,80,4
152,102,1
152,23,5
152,55,5
152,41,1
152,74,1
152,81,3
152,87,5
153,59,5
153,36,1
153,35,1
153,45,2
153,21,5
153,15,2
153,3,1
153,110,3
153,82,1
153,61,3
153,86,4
153,80,5
153,44,4
153,43,1
153,70,5
153,55,1
153,108,5
153,38,5
154,34,5
154,76,4
154,25,3
154,66,4
154,31,2
154,97,2
154,30,5
154,75,3
154,26,1
154,33,3
155,1,4
155,4,3
155,61,1
155,109,3
155,7,3
155,0,1
155,27,3
155,87,3
155,45,2
155,43,2
155,53,1
155,2,1
155,67,3
155,8,5
155,5,1
156,45,2
156,63,3
156,26,4
156,74,3
156,62,4
156,73,4
156,93,2
156,78,2
156,114,5
156,96,5
156,29,4
156,95,5
156,7,2
156,19,5
156,37,4
156,79,3
156,1,1
156,27,5
156,87,2
156,28,3
157,58,4
157,97,1
157,22,4
157,100,5
157,85,5
157,86,5
157,16,3
157,26,1
157,43,5
157,93,2
157,109,5
158,79,3
158,102,4
158,3,2
158,97,5
158,68,1
158,81,3
158,113,1
158,78,5
158,70,1
158,80,3
158,43,1
158,83,3
158,54,1
158,25,1
158,40,3
159,28,1
159,54,4
159,38,3
159,18,5
159,112,2
159,86,4
159,75,3
159,48,3
159,95,4
159,55,2
159,26,3
159,25,5
159,104,1
159,1,5
159,35,3
160,46,3
160,55,2
160,87,3
160,86,4
160,2,4
160,10,3
160,106,2
160,65,3
160,93,3
160,90,4
161,48,2
161,94,1
161,88,3
161,81,4
161,0,4
161,11,5
161,83,2
161,32,3
161,57,3
161,46,5
161,85,1
161,34,1
162,24,1
162,90,4
162,69,1
162,92,3
162,77,5
162,86,5
162,83,5
162,7,2
162,54,2
162,79,3
162,47,4
162,81,2
162,46,1
162,28,3
162,18,4
162,40,1
162,113,5
163,48,4
163,113,4
163,41,1
163,61,4
163,34,5
163,30,5
163,4,5
163,88,3
163,44,4
163,46,2
163,5,4
163,71,4
163,68,3
163,84,4
163,18,1
163,74,5
163,50,5
163,35,3
163,87,5
164,86,2
164,13,1
164,46,4
164,49,3
164,19,4
164,43,3
164,76,4
164,11,5
164,68,3
164,88,3
165,41,2
165,49,3
165,88,2
165,30,5
165,65,5
165,19,3
165,71,2
165,51,3
165,81,2
165,89,2
165,39,5
165,75,4
165,103,1
166,50,2
166,98,4
166,113,4
166,19,4
166,100,5
166,5,3
166,103,3
166,14,3
166,51,5
166,56,4
166,104,3
166,33,4
166,64,2
166,9,3
166,105,2
166,45,5
166,60,1
166,74,5
167,6,3
167,111,1
167,64,4
167,69,1
167,7,4
167,99,2
167,65,1
167,11,4
167,101,3
167,73,2
167,106,1
167,113,4
167,85,1
167,96,4
168,20,2
168,104,4
168,49,1
168,73,2
168,19,2
168,6,3
168,95,3
168,26,1
168,38,2
168,51,5
168,53,3
168,59,3
168,75,4
168,48,1
168,44,2
168,1,2
168,77,2
168,89,3
169,21,1
169,85,1
169,6,1
169,64,1
169,92,4
169,62,3
169,34,1
169,4,4
169,101,2
169,10,1
170,30,1
170,15,5
170,51,1
170,76,2
170,75,3
170,68,3
170,10,4
170,53,1
170,77,1
170,114,2
170,86,3
170,37,2
170,91,2
171,60,3
171,107,3
171,72,3
171,10,5
171,30,3
171,62,3
171,14,1
171,31,3
171,76,1
171,33,1
171,37,3
171,77,2
172,4,5
172,75,4
172,48,2
172,32,2
172,37,1
172,12,1
172,100,1
172,38,3
172,11,2
172,63,4
172,98,5
172,93,2
172,92,2
172,6,2
172,52,1
172,61,3
172,97,4
173,27,4
173,41,2
173,14,5
173,46,2
173,66,3
173,60,4
173,18,3
173,114,2
173,78,4
173,31,2
173,81,4
173,72,2
173,74,1
173,85,5
173,99,5
173,104,4
173,55,1
173,113,3
174,42,4
174,85,1
174,39,2
174,43,5
174,18,2
174,14,2
174,1,2
174,79,5
174,38,5
174,54,4
175,27,4
175,39,5
175,91,1
175,47,3
175,49,3
175,104,3
175,73,3
175,26,4
175,38,4
175,64,2
175,105,2
175,20,1
175,114,2
175,11,1
176,54,3
176,73,1
176,6,5
176,86,5
176,36,2
176,112,3
176,70,3
176,99,2
176,67,2
176,74,1
176,77,3
176,13,5
176,98,2
176,94,1
176,88,5
176,63,3
176,114,2
177,49,4
177,21,1
177,39,4
177,35,4
177,30,2
177,24,4
177,27,2
177,80,4
177,113,5
177,110,3
177,103,2
177,62,2
177,28,1
177,38,5
177,101,1
177,56,5
177,74,5
178,26,2
178,9,1
178,2,4
178,13,4
178,87,5
178,99,1
178,110,4
178,56,2
178,84,5
178,49,3
178,54,1
178,47,4
178,71,2
178,69,1
178,7,2
178,61,5
178,112,4
179,7,3
179,38,5
179,2,3
179,113,1
179,15,4
179,86,1
179,72,1
179,22,5
179,78,2
179,27,1
179,98,5
179,97,4
179,18,5
180,79,3
180,93,1
180,58,2
180,69,5
180,31,5
180,78,5
180,112,3
180,91,4
180,32,4
180,105,4
180,0,3
180,110,5
180,111,4
180,107,3
180,70,3
180,33,2
180,62,4
181,63,2
181,65,4
181,110,5
181,83,4
181,39,1
181,25,2
181,96,3
181,111,4
181,11,1
181,90,5
181,73,5
181,48,3
181,46,3
181,113,4
182,12,4
182,25,4
182,27,1
182,4,3
182,72,5
182,8,1
182,34,3
182,38,1
182,18,2
182,5,4
182,70,2
182,87,2
183,114,2
183,94,2
183,68,5
183,7,2
183,85,4
183,38,2
183,34,1
183,55,2
183,20,1
183,106,3
183,92,1
183,65,1
183,97,4
183,23,4
183,56,4
183,91,1
183,96,5
184,97,1
184,4,3
184,19,5
184,59,4
184,62,2
184,68,2
184,110,2
184,35,4
184,93,2
184,75,5
185,95,4
185,78,3
185,90,1
185,94,5
185,101,3
185,77,3
185,69,2
185,59,4
185,62,4
185,18,2
185,99,2
185,72,1
185,56,5
185,100,4
185,29,2
185,110,2
185,73,5
185,12,2
185,102,1
186,100,4
186,107,5
186,110,2
186,58,3
186,84,4
186,80,1
186,36,1
186,72,3
186,45,5
186,103,5
186,63,4
186,64,4
186,67,5
186,113,4
186,41,5
186,75,3
187,8,1
187,11,2
187,9,2
187,22,3
187,12,3
187,3,5
187,100,3
187,106,2
187,52,1
187,17,3
187,70,5
187,78,5
187,24,2
188,33,3
188,111,1
188,61,2
188,28,3
188,113,2
188,55,1
188,95,4
188,65,4
188,86,4
188,106,2
188,23,3
188,59,2
189,80,1
189,88,1
189,50,5
189,33,3
189,107,5
189,19,1
189,70,2
189,66,4
189,114,5
189,85,1
189,3,4
189,78,4
189,82,1
189,57,3
189,23,1
189,55,2
190,32,5
190,29,2
190,14,3
190,71,2
190,78,1
190,108,2
190,63,3
190,42,3
190,76,4
190,106,4
190,38,3
190,46,3
190,35,1
190,75,2
190,53,4
190,111,1
191,109,1
191,87,2
191,5,4
191,61,2
191,70,2
191,31,4
191,78,2
191,106,4
191,10,2
191,66,1
191,20,3
191,4,2
191,12,3
191,41,5
191,86,2
191,27,1
192,110,3
192,72,1
192,26,1
192,1,5
192,93,2
192,82,2
192,44,2
192,36,1
192,77,4
192,22,1
192,52,1
192,73,1
192,100,4
193,79,5
193,67,4
193,11,5
193,8,2
193,99,1
193,7,2
193,53,5
193,104,4
193,4,2
193,23,3
193,68,1
193,30,5
193,110,4
193,55,2
193,91,1
193,65,4
193,2,2
193,62,5
193,78,3
193,42,3
194,95,3
194,17,1
194,20,1
194,50,2
194,19,3
194,1,2
194,48,3
194,83,5
194,26,4
194,96,4
194,85,3
194,101,4
194,25,1
194,70,5
194,72,5
194,28,4
194,2,3
195,42,1
195,0,4
195,49,5
195,84,3
195,93,5
195,100,1
195,104,3
195,54,2
195,102,4
195,27,4
195,20,3
195,44,2
195,70,1
195,36,4
195,26,3
195,72,4
195,38,2
195,51,1
196,63,3
196,91,5
196,72,1
196,95,1
196,94,3
196,35,1
196,114,2
196,66,2
196,48,3
196,59,5
196,113,1
197,8,3
197,49,4
197,16,1
197,110,1
197,64,5
197,48,4
197,114,4
197,75,3
197,17,1
197,37,3
197,85,2
197,90,4
197,4,1
198,67,5
198,42,1
198,102,1
198,85,1
198,64,3
198,106,2
198,16,5
198,9,4
198,15,5
198,10,5
198,78,5
198,90,5
198,60,2
198,89,4
198,86,1
198,41,4
198,77,5
198,113,4
198,31,5
198,53,4
199,9,2
199,13,5
199,4,2
199,103,4
199,104,1
199,91,3
199,73,5
199,93,2
199,33,5
199,32,1
199,78,1
199,25,5
200,35,3
200,13,1
200,17,3
200,75,2
200,12,3
200,110,5
200,53,5
200,48,2
200,8,3
200,88,4
200,36,3
200,58,5
200,92,5
200,97,1